{
  "project_info": {
    "project_number": "448654581234",
    "project_id": "cafeteria2-7fd43",
    "storage_bucket": "cafeteria2-7fd43.appspot.com"
  },
  "client": [
    {
      "client_info": {
        "mobilesdk_app_id": "1:448654581234:android:a6bec73253f4c8905bdf6b",
        "android_client_info": {
          "package_name": "com.cafeteria"
        }
      },
      "oauth_client": [],
      "api_key": [
        {
          "current_key": "AIzaSyATAsRslubGIDKin-aquxTmh3-AW-enHeo"
        }
      ],
      "services": {
        "appinvite_service": {
          "other_platform_oauth_client": []
        }
      }
    }
  ],
  "configuration_version": "1"
}